mean_final_value,median_final_value,percentile_5,percentile_95,max_loss_simulated,probability_target_reached
136088.83644663554,133243.24924703015,93142.50298247961,190168.8970669346,38716.2661285542,0.8604
